{
  "30": {
    "Pure Mamba": {
      "MSE": 35.95828578542326,
      "RMSE": 5.996522807879852,
      "MAE": 4.826210289569237,
      "R2": 0.5961570186320122,
      "MAPE": 2.0160205288974433
    },
    "Pure MinGRU": {
      "MSE": 30.335172359603256,
      "RMSE": 5.5077374991554615,
      "MAE": 4.380645336868687,
      "R2": 0.6593094977019146,
      "MAPE": 1.8116142149572423
    },
    "Hybrid Mamba-GRU": {
      "MSE": 34.59745261790304,
      "RMSE": 5.881959929981081,
      "MAE": 4.72260963235376,
      "R2": 0.6114403646400856,
      "MAPE": 1.9724398011778252
    }
  },
  "60": {
    "Pure Mamba": {
      "MSE": 37.784075256009984,
      "RMSE": 6.146875243244326,
      "MAE": 4.932312846024824,
      "R2": 0.5667550328071129,
      "MAPE": 2.053390705072549
    },
    "Pure MinGRU": {
      "MSE": 28.40641146147439,
      "RMSE": 5.329766548496696,
      "MAE": 4.250664125630947,
      "R2": 0.674282492867506,
      "MAPE": 1.761049464192476
    },
    "Hybrid Mamba-GRU": {
      "MSE": 34.02582983805547,
      "RMSE": 5.8331663646818335,
      "MAE": 4.6882065746810495,
      "R2": 0.6098483439910496,
      "MAPE": 1.9532286727193335
    }
  },
  "90": {
    "Pure Mamba": {
      "MSE": 35.74776782918575,
      "RMSE": 5.978943705136029,
      "MAE": 4.800345272151642,
      "R2": 0.5866274307394068,
      "MAPE": 1.9998885572115017
    },
    "Pure MinGRU": {
      "MSE": 31.341961472295047,
      "RMSE": 5.598389185497472,
      "MAE": 4.4413479176992325,
      "R2": 0.637574373835687,
      "MAPE": 1.831784619025768
    },
    "Hybrid Mamba-GRU": {
      "MSE": 35.057401202430476,
      "RMSE": 5.920929082705727,
      "MAE": 4.751525180699869,
      "R2": 0.5946105481076639,
      "MAPE": 1.979043392153709
    }
  },
  "120": {
    "Pure Mamba": {
      "MSE": 35.84861469353613,
      "RMSE": 5.987371267387394,
      "MAE": 4.800663687271193,
      "R2": 0.582016569197696,
      "MAPE": 2.0013937670911166
    },
    "Pure MinGRU": {
      "MSE": 31.898649951733674,
      "RMSE": 5.64788898188816,
      "MAE": 4.478286926087126,
      "R2": 0.6280719001621146,
      "MAPE": 1.8454694793264421
    },
    "Hybrid Mamba-GRU": {
      "MSE": 35.012363229345816,
      "RMSE": 5.917124574431893,
      "MAE": 4.742142653473156,
      "R2": 0.5917669949534432,
      "MAPE": 1.9754313998488107
    }
  }
}